1,beigne,gourmand
2,bugnes,gourmand
3,crepes,gourmand
4,mousse au chocolat,gourmand
5,pommes sauce caramel,gourmand
6,feuilletes au pomme,gourmand
7,flan au oeuf,gourmand
8,moelleux au chocolat,gourmand
9,gratin de framboise,gourmand
10,poire au rhum,gourmand
11,poire au chocolat,gourmand 
12,boule coco,gourmand
13,gateaux au chocolat,gourmand
14,macaron,gourmand
15,salade de fruits,fruits
16,panacota,gourmand
17,canneles,gourmand
18,muffin au fruits,gourmand 
19,muffin au chocolat,gourmand
20,orange,fruits
21,pomme,fruits
22,banane,fruits
23,lichi,fruits
24,noix,fruits
25,noix de coco,fruits
26,poire,fruits
27,pamplemousse,fruits
28,clementine,fruits
29,brioche,gourmand
30,cookies,gourmand 
31,eclair au chocolat,gourmand
32,ils flottante,gourmand
33,beignet sucre au sucre,gourmand
